id,claim,label,split,verdict,max_entail,max_contradict,max_gap,evidence_count
1,When did the decline of coal start? It started when natural gas took off that started to begin in (President George W.) Bushs administration.,half-true,train,contradict,0.00010798841685755178,0.9994521737098694,0.9993441852930118,2
6649,"Many of (Hillary Clintons) friends took bigger deductions (than me). Warren Buffett took a massive deduction. (George) Soros, who is a friend of hers, took a massive deduction.",barely-true,train,contradict,0.000137904062285088,0.9994220733642578,0.9992841693019727,2
7296,"Obama spokesman Bill Burton says Clinton gave Bush ""a blank check on a critical foreign policy issue.""",half-true,train,contradict,0.0005748536786995828,0.9982321858406067,0.9976573321619071,2
2986,The CEO of Goldman Sachs let his employees know that hed be just fine with either Bush or Clinton.,barely-true,train,contradict,0.0003689400036819279,0.9955649971961975,0.9951960571925156,2
1343,Says Hillary Clinton had an undercover nurse with her at the Sept. 11 memorial ceremony in New York.,pants-fire,train,contradict,0.0002650487585924566,0.9247852563858032,0.9245202076272108,1
3698,Says Donald Trump has written 10 checks to Hillary Clinton and four of those checks were not to her Senate campaign. It was to her presidential campaign.,half-true,train,contradict,0.027709655463695526,0.9219878911972046,0.8942782357335091,1
7014,"The average American family saw income rise $7,500 under Bill Clinton and decline $2,000 under George Bush.",half-true,train,contradict,0.00023177108960226178,0.917206346988678,0.9169745758990757,2
1595,Says Hillary Clinton wants to let people just pour in. You could have 650 million people pour in and we do nothing about it. Think of it. Thats what could happen. You triple the size of our country in one week.,pants-fire,train,contradict,0.0034656187053769827,0.8268506526947021,0.8233850339893252,1
9140,America never made up for the gutting of the intelligence services that Bill Clinton did. I think those are (former CIA director George) Tenet's words ... that Bill Clinton gutted American intelligence.,half-true,train,entail,0.6460034251213074,0.033539723604917526,0.6124637015163898,2
